Aad;Groen;male;Netherlands;1960;aad.groen@email.nl;0623098710;false
Harm van der;Pol;male;Netherlands;1961;harm.vdpol@email.nl;0603198790;false
Pieter;Meijer;male;Netherlands;1961;pieter.meijer@email.nl;0633088719;false
Michiel;Gerritsen;male;Netherlands;1970;michiel.gerritsen@email.nl;0623598311;false
Sander van;Wijk;male;Netherlands;1975;sander.vanwijk@email.nl;0613078716;false
Olaf de;Ruiter;male;Netherlands;1966;olaf.deruiter@email.nl;0623008007;false
Teun de;Wit;male;Netherlands;1990;teun.dewit@email.nl;0623238722;false
Tom;Schouten;male;Netherlands;1989;tom.schouten@email.nl;0623298111;false
Mirthe;Meijer;female;Netherlands;1988;mirthe.meijer@email.nl;0622228799;false
Lisa;Kok;female;Netherlands;1981;lisa.kok@email.nl;0621198615;false
Emiel de;Vos;male;Netherlands;1982;emiel.devos@email.nl;0623395566;false
Diewertje van;Loon;female;Netherlands;1983;diewertje.vanloon@email.nl;0624498755;false
Arjan van;Vliet;male;Netherlands;1960;arjan.vanvliet@email.nl;0611224477;false
Femke;Meijer;female;Netherlands;1967;femke.meijer@email.nl;0689012340;false
Lonneke;Sanders;female;Netherlands;1980;lonneke.sanders@email.nl;0656729087;false
Christien;Prins;female;Netherlands;1979;christien.prins@email.nl;0613467901;false
Mathijs;Mol;male;Netherlands;1991;mathijs.mol@email.nl;0667890123;false
Carlijn;Bos;female;Netherlands;1962;carlijn.bos@email.nl;0654789023;false
Eelco van der;Meer;male;Netherlands;1986;eelco.vandermeer@email.nl;0699887034;false
Willemijn;Hofman;female;Netherlands;1987;willemijn.hofman@email.nl;0627890978;false
Reinout van der;Veen;male;Netherlands;1988;reinout.vanderveen@email.nl;0629087650;false
Lotte;Hoekstra;female;Netherlands;1995;lotte.hoekstra@email.nl;0678923451;false
Aart;Willems;male;Netherlands;1965;aart.willems@email.nl;0698234080;false
Florus;Prins;male;Netherlands;1996;florus.prins@email.nl;0676901289;false
Valentijn;Gerritsen;male;Netherlands;1998;valentijn.gerritsen@email.nl;0689453201;false
Paul de;Vos;male;Netherlands;1988;paul.devos@email.nl;0670985632;false
Henk;Postma;male;Netherlands;1955;henk.postma@email.nl;0698762309;false
Willemijn van;Dijk;female;Netherlands;1961;willemijn.vandijk@email.nl;0667890789;false
Boudewijn van;Dijk;male;Netherlands;1982;boudewijn.vandijk@email.nl;0622557890;false
Jaap de;Ruiter;male;Netherlands;1967;jaap.deruiter@email.nl;0667540901;false
Floor van;Veen;female;Netherlands;1968;floor.vanveen@email.nl;0699712031;false
Tom de;Leeuw;male;Netherlands;1988;tom.deleeuw@email.nl;0689721092;false
Heleen van;Loon;female;Netherlands;1986;heleen.vanloon@email.nl;0680746520;false
Luuk;Hermans;male;Netherlands;1978;luuk.hermans@email.nl;0653782301;false
Huib van der;Veen;male;Netherlands;1977;huib.venderveen@email.nl;0687652091;false
Jaap;Hoekstra;male;Netherlands;1974;jaap.hoekstra@email.nl;0656010298;false
Mathijs van;Dijk;male;Netherlands;1999;mathijs.vandijk@email.nl;0652908761;false
Peter de;Koning;male;Netherlands;1978;peter.dekoning@email.nl;0609072256;false
Maartje;Schouten;female;Netherlands;1995;maartje.schouten@email.nl;0623973567;false
Thomas van;Dam;male;Netherlands;1991;thomas.vandam@email.nl;0666908823;false
Huib;Verhoeven;male;Netherlands;1990;huib.verhoeven@email.nl;0689451203;false
Imke van;Dongen;female;Netherlands;1960;imke.vandongen@email.nl;0698765362;false
Maartje;Kramer;female;Netherlands;1977;maartje.kramer@email.nl;0614567890;false
Willemijn van;Dongen;female;Netherlands;1950;willemijn.vandongen@email.nl;0665420988;false
Daan;Timmermans;male;Netherlands;1989;daan.timmermans@email.nl;0677552311;false
Tom;Huisman;male;Netherlands;1990;tom.huisman@email.nl;0657891209;false
Doortje de;Bruijn;female;Netherlands;1975;doortje.debruijn@email.nl;0609780965;false
Reinout;Hoekstra;male;Netherlands;2002;reinout.hoekstra@email.nl;0620987654;false
Victor de;Graaf;male;Netherlands;1999;victor.degraaf@email.nl;0623651096;false
Marjan;Bakker;female;Netherlands;1978;marjan.bakker@email.nl;0659457860;false